<?xml version="1.0" encoding="UTF-8"?>
<!--Copyright (c) 2016, salesforce.com, inc. All rights reserved. Licensed 
	under the BSD 3-Clause license -->
<!--For full license text, see LICENSE.txt file in the repo root or https://opensource.org/licenses/BSD-3-Clause -->
<ApexPage xmlns="http://soap.sforce.com/2006/04/metadata">
	<apiVersion>34.0</apiVersion>
	<availableInTouch>false</availableInTouch>
	<confirmationTokenRequired>false</confirmationTokenRequired>
	<label>CustomMetadataRecordUploader</label>
</ApexPage>
